{
  "Green": "#00d66c",
  "Green_hsl": [150.2803738317757, 100, 41.96078431372549],
  "Green_rgb": [0, 214, 108],
  "GreenDark": "#1e9162",
  "GreenDark_hsl": [155.47826086956522, 65.71428571428571, 34.31372549019608],
  "GreenDark_rgb": [30, 145, 98],
  "GreenLight": "#4de298",
  "GreenLight_hsl": [150.2013422818792, 71.9806763285024, 59.411764705882355],
  "GreenLight_rgb": [77, 226, 152],
  "Red": "#ff3268",
  "Red_hsl": [344.1951219512195, 100, 59.80392156862745],
  "Red_rgb": [255, 50, 104],
  "RedDark": "#ca2b55",
  "RedDark_hsl": [344.1509433962264, 64.89795918367346, 48.0392156862745],
  "RedDark_rgb": [202, 43, 85],
  "RedLight": "#ff658e",
  "RedLight_hsl": [344.02597402597405, 100, 69.80392156862744],
  "RedLight_rgb": [255, 101, 142],
  "Blue": "#2800a0",
  "Blue_hsl": [255, 100, 31.372549019607842],
  "Blue_rgb": [40, 0, 160],
  "BlueDark": "#120145",
  "BlueDark_hsl": [255, 97.14285714285715, 13.72549019607843],
  "BlueDark_rgb": [18, 1, 69],
  "BlueLight": "#5e40b8",
  "BlueLight_hsl": [255, 48.38709677419355, 48.627450980392155],
  "BlueLight_rgb": [94, 64, 184],
  "Black": "#202020",
  "Black_hsl": [0, 0, 12.549019607843137],
  "Black_rgb": [32, 32, 32],
  "Sand": "#f3e5d8",
  "Sand_hsl": [28.888888888888925, 52.94117647058819, 89.99999999999999],
  "Sand_rgb": [243, 229, 216],
  "LightGray": "#f7f7f7",
  "LightGray_hsl": [0, 0, 96.86274509803921],
  "LightGray_rgb": [247, 247, 247],
  "Gray": "#909090",
  "Gray_hsl": [0, 0, 56.470588235294116],
  "Gray_rgb": [144, 144, 144]
}
